Word,Frequency
foodie_incarnate,10
#foodieincarnate,10
#reelitfeelit,8
#reelkarofeelkaro,7
#reelsinstagram,7
#reels,7
#saibaba,1
#shirdi,1
#shirdisaibaba,1
#viralfood,7
#explore,8
#bihar,2
#patna,2
#sodelhi,1
#newdelhi,1
#foodtalkindia,11
#desifood,1
#delhigram,1
#indianfood,10
#pancake,1
#japanesecuisine,2
#coffee,2
#delhi,4
#delhifood,1
#delhifoodie,1
#jigglypancake,1
#pancakes,1
#foodblogger,14
#delhifoodblogger,1
#mumbaifoodblogger,1
#indianfoodblogger,1
#selectcitywalk,1
#indianfoodie,2
#thingstodoindelhi,1
#japanesefood,1
#panipuri,2
#streetfood,5
#golgappa,2
#ghaziabad,1
#ghaziabadfood,1
#indianstreetfood,2
#puchka,1
#golgappe,1
#bihari,1
#mumbai,5
#staycation,1
#crowneplaza,1
#foodieincarnaterestaurantreviews,1
#crowneplazagreaternoida,1
#bhaang,1
#hash,1
#high,1
foodies_findings,10
#foodiesfindings,10
#friedrice,10
#chennaifoodie,11
#chennaiblogger,10
#chennaifood,11
#chennaifoodblogger,10
#chennaifoodguide,10
#chennaifoodspots,10
#wherechennaieats,10
#foodofchennai,10
#chennaites,10
#chennaiüòç,10
#instafood,25
#walkwithchennai,10
#foodgasm,18
#foodporn,17
#chennaifoodies,10
#foodaddict,10
#foodstagram,17
#foodvideography,10
#reelsininstagram,10
#eatrepeat,10
#Alwarpet,9
#biryanilove,10
#biryanilover,10
#bangalore,1
#Trivandrum,1
#Kethelschicken,1
redfmmalayalam,2
r_j_hemanth,1
#next,1
foodhunter_sabu,7
#foodhunt,1
#mumbaidiaries,1
#mumbaifood,1
#keralagram,3
#keralaattraction,3
#travelreels,3
#falooda,1
#foodhunter_sabu,6
#malayali,3
#kerala,3
#calicut,4
#calicutbeach,2
#calicutdiaries,3
#kozhikode,3
#kozhikoden,3
#mallu,1
#travelling,1
#panasian,2
#kochidiaries,1
#kannurdiaries,1
#kannurfood,1
#solocafe,1
#foodlove,1
#foodloversindia,1
#kerala360,1
#keralaüå¥,1
#malayalis,1
#keralafood,1
#lunch,8
#seafood,2
#traveller,2
#travelphotography,2
#traveling,3
#foodies,8
#malappuram,2
#malabar,2
#kondotty,1
#karipurairport,1
#kozhikottukar,2
#tamilnadu,1
#tamilnadutourism,1
#madurai,1
#maduraifood,1
#chennai,1
#pondichery,1
#keralablasters,2
#keralagallery,3
#kochivibes,2
#kollam,1
#alappuzha,1
#trivandrumdiaries,1
#travel,2
#travelblogger,2
#foodvlogger,1
#keralablogger,1
#keraladiaries,1
#prawns,1
#streetfoodindia,1
#foodiegram,1
#foodielife,1
#calicutfood,1
#wayanad,1
#wayanadan,1
#wayanaddiaries,1
#asian,1
#sushi,1
#beefsteak,1
#wagyu,1
#keralatourism,2
#travellers,1
#TyohaarWahiMithaasNayi,1
#Ad,1
#KwalityWalls,1
#DiwaliMeetha,1
#DiwaliFood,1
#DiwaliCelebration,1
#DiwaliDesserts,1
#GulabJamun,1
#desserts,1
#IcecreamDessert,1
#Diwali2022,1
#GulabJamunIceCream,1
#DiwaliTreats,1
#happydiwali,1
#indian,1
#perinthalmanna,1
#kottakkal,1
#malappuramkaar,1
#mallugram,1
#malluhood,1
#travelgram,2
#travelindia,1
#foodlover,8
#healthyfood,9
#kochigram,1
#avilmilk,1
#mouzy,1
#malabares,1
foodtalkindia,10
#NewInTown,3
#taproom,1
#beer,3
#food,10
#collaboration,1
#foodiesofindia,8
#delicious,13
#yummy,13
#discover,10
#growwithjade,1
#tykexjadeforest,1
#beverage,1
#paranthas,1
#GiveawayAlert,1
#baraat,1
#giveaway,1
#participatenow,1
#indiancuisine,1
#regional,1
#bizza,1
#pizza,1
#cocktails,2
#artisanal,1
#woodfired,1
#oven,1
#grilledcheese,1
#sandwich,1
#athome,1
#instareels,1
#FIFA2022,1
#football,1
#bars,1
#deliverykitchens,1
#burgers,1
#hotdogs,1
#pizzas,1
#midnight,1
#cravings,1
#instagood,10
#hosa,1
#southindian,1
#goa,1
#foodbloggers,1
#instagram,10
#newmenus,1
#roundup,1
#foodtalk,1
food_impramation,10
#foodie,7
#foodphotography,7
#homemade,7
#foodpics,7
#foodblog,7
#foodiesofinstagram,7
#tasty,7
#dinner,7
#love,9
#cooking,7
#bhfyp,8
#foodlovers,7
#foodpic,7
#breakfast,7
#italianfood,7
#nature,1
#photography,1
#photooftheday,1
#picoftheday,1
#beautiful,1
#photo,1
#wanderlust,1
#naturephotography,1
#adventure,1
#art,1
#instatravel,1
#landscape,1
#like,1
#summer,1
#trip,1
#vacation,1
#follow,1
#ig,1
#happy,1
#fashion,1
#cocktail,1
#bar,1
#drinks,1
#bartender,1
#drink,1
#mixology,1
#gin,1
#cocktailbar,1
#drinkstagram,1
#mixologist,1
#wine,1
#cocktailsofinstagram,1
#happyhour,1
#alcohol,1
#bartenderlife,1
#party,1
#cheers,1
#vodka,1
#barman,1
#drinkup,1
#rum,1
#cocktailtime,1
#cocktailporn,1
#craftcocktails,1
#liquor,1
#kombucha,1
#scoby,1
#probiotics,1
#kombuchalove,1
#kombuchabrewing,1
#vegan,1
#guthealth,1
#fermentation,1
#kombuchatea,1
#organic,1
#healthylifestyle,1
#healthy,1
#probioticos,1
#booch,1
#probiotic,1
#tea,1
#kombuchalover,1
#kombuchabrasil,1
#fermentedfoods,1
#kombuchalife,1
#natural,1
#fermented,1
#fermentedtea,1
#kefir,1
#plantbased,1
#health,1
#glutenfree,1
#kombuchalovers,1
